FISHID,Year,Month,Day,SL_mm
BL251,2006,8,25,69
BL252,2006,8,25,60
BL253,2006,8,25,57
BL254,2006,8,25,64
BL255,2006,8,25,60
BL256,2006,8,25,64
BL257,2006,8,25,64
BL258,2006,8,25,59
BL259,2006,8,25,60
BL260,2006,8,25,60
BL261,2006,8,25,61
BL262,2006,8,25,61
BL263,2006,8,25,60
BL264,2006,8,25,58
BL265,2006,8,25,72
BL266,2006,8,28,70
BL267,2006,8,28,66
BL268,2006,8,28,67
BL269,2006,8,28,69
BL270,2006,8,28,64
BL271,2006,8,28,64
BL272,2006,8,28,61
BL273,2006,8,28,60
BL274,2006,8,28,74
BL275,2006,8,28,82
BL276,2006,8,28,92
BL277,2006,8,28,60
BL278,2006,8,28,65
BL279,2006,8,28,81
BL280,2006,8,28,63
BL281,2006,8,28,62
BL282,2006,8,28,68
BL283,2006,8,28,69
BL284,2006,8,28,73
BL285,2006,8,28,61
BL286,2006,8,28,64
BL287,2006,8,28,61
BL288,2006,8,28,63
BL289,2006,8,28,63
BL290,2006,8,28,64
BL291,2006,8,22,70
BL292,2006,8,22,71
BL293,2006,8,22,96
BL294,2006,8,22,77
BL295,2006,8,22,89
BL296,2006,8,22,94
BL297,2006,8,22,86
BL298,2006,8,22,81
BL299,2006,8,22,66
BL300,2006,8,22,74
BL301,2006,8,22,74
BL302,2006,8,22,67
BL303,2006,8,25,84
BL304,2006,8,25,68
BL305,2006,8,25,75
BL306,2006,8,25,71
BL307,2006,8,25,72
BL308,2006,8,25,71
BL309,2006,8,25,66
BL310,2006,8,25,98
BL311,2006,8,25,92
BL312,2006,8,25,73
BL313,2006,8,25,76
BL314,2006,8,25,68
BL315,2006,8,25,71
BL316,2006,8,27,68
BL317,2006,8,27,65
BL318,2006,8,27,63
BL319,2006,8,27,72
BL320,2006,8,27,65
BL321,2006,8,27,78
BL322,2006,8,27,84
BL323,2006,8,27,87
BL324,2006,8,27,99
BL325,2006,8,27,83
BL326,2006,8,27,91
BL327,2006,8,27,91
BL328,2006,8,27,63
BL329,2006,8,27,63
BL330,2006,8,27,63
BL331,2006,8,27,67
BL332,2006,8,27,59
BL333,2006,8,27,67
BL334,2006,8,27,58
BL335,2006,8,27,71
BL336,2006,8,27,82
BL337,2006,8,27,83
BL338,2006,8,27,84
BL339,2006,8,27,89
BL340,2006,8,27,108
BL341,2006,8,27,88
BL342,2006,8,27,93
BL343,2006,8,27,89
BL344,2006,8,27,93
BL345,2006,8,27,82
BL346,2006,8,27,72
BL347,2006,8,27,69
BL348,2006,8,27,82
BL349,2006,8,27,79
BL350,2006,8,27,64
BL351,2006,8,27,69
BL352,2006,8,27,75
BL353,2006,8,27,63
BL354,2006,8,27,62
BL355,2006,8,27,66
BL356,2006,8,27,62
BL357,2006,8,27,73
BL358,2006,8,27,79
BL359,2006,8,27,74
BL360,2006,8,27,89
BL361,2006,8,27,97
BL362,2006,8,27,92
BL363,2006,8,27,58
BL364,2006,8,25,70
BL365,2006,8,25,72
BL366,2006,8,25,62
BL367,2006,8,25,65
BL368,2006,8,25,66
BL369,2006,8,25,71
BL370,2006,8,25,69
BL371,2006,8,25,73
BL372,2006,8,25,88
BL373,2006,8,25,62
BL374,2006,8,25,66
BL375,2006,8,25,87
BL376,2006,8,25,62
BL377,2006,8,25,62
BL378,2006,8,25,67
BL379,2006,8,25,67
BL380,2006,8,25,72
BL381,2006,8,25,73
BL382,2006,8,25,58
BL383,2006,8,25,67
BL384,2006,8,25,68
BL385,2006,8,25,70
BL386,2006,8,25,60
BL387,2006,8,25,62
BL388,2006,8,25,66
BL389,2006,8,25,62
BL390,2006,8,25,62
BL391,2006,8,25,61
BL392,2006,8,25,61
BL393,2006,8,25,67
BL394,2006,8,25,63
BL395,2006,8,25,63
BL396,2006,8,25,66
BL397,2006,8,25,62
BL398,2006,8,25,64
BL399,2006,8,25,63
BL400,2006,8,25,63
BL401,2006,8,25,61
BL402,2006,8,25,63
BL403,2006,8,25,68
BL404,2006,8,25,59
BL405,2006,8,25,58
BL406,2006,8,25,66
BL407,2006,8,25,56
BL408,2006,8,25,70
BL409,2006,8,25,65
BL410,2006,8,25,63
BL411,2006,8,25,70
BL412,2006,8,25,63
BL413,2006,8,25,61
BL414,2006,8,25,58
BL415,2006,8,25,58
BL416,2006,8,25,62
BL417,2006,8,25,58
BL418,2006,8,25,59
BL419,2006,8,25,57
BL420,2006,8,25,63
BL421,2006,8,25,56
BL422,2006,8,25,53
BL423,2006,8,25,66
BL424,2006,8,25,75
BL425,2006,8,25,53
BL426,2006,8,25,61
BL427,2006,8,25,57
BL428,2006,8,25,59
BL429,2006,8,25,56
BL430,2006,8,25,59
BL431,2006,8,20,67
BL432,2006,8,20,50
BL433,2006,8,20,55
BL434,2006,8,20,59
BL435,2006,8,20,62
BL436,2006,8,20,61
BL437,2006,8,20,59
BL438,2006,8,2,56
BL439,2006,8,20,62
BL440,2006,8,20,68
BL441,2006,8,20,55
BL442,2006,8,20,58
BL443,2006,8,20,55
BL444,2006,8,20,46
BL445,2006,8,20,55
BL446,2006,8,22,74
BL447,2006,8,22,67
BL448,2006,8,22,64
BL449,2006,8,22,72
BL450,2006,8,22,58
BL451,2006,8,22,62
BL452,2006,8,22,61
BL453,2006,8,22,64
BL454,2006,8,22,90
BL455,2006,8,22,77
BL456,2006,8,22,77
BL457,2006,8,22,62
BL458,2006,8,22,68
BL459,2006,8,22,67
BL460,2006,8,22,63
BL461,2006,8,22,65
BL462,2006,8,22,68
BL463,2006,8,22,75
BL464,2006,8,22,77
BL465,2006,8,22,69
BL466,2006,8,22,77
BL467,2006,8,22,60
BL468,2006,8,22,62
BL469,2006,8,22,62
BL470,2006,8,22,65
BL471,2006,8,22,61
BL472,2006,8,22,58
BL473,2006,8,22,61
BL474,2006,8,22,84
BL475,2006,8,22,67
BL476,2006,8,21,58
BL477,2006,8,21,57
BL478,2006,8,21,55
BL479,2006,8,21,61
BL480,2006,8,21,60
BL481,2006,8,21,62
BL482,2006,8,21,64
BL483,2006,8,21,57
BL484,2006,8,21,56
BL485,2006,8,21,61
BL486,2006,8,21,69
BL487,2006,8,21,59
BL488,2006,8,21,60
BL489,2006,8,21,50
BL490,2006,8,21,59
BL491,2006,8,20,73
BL492,2006,8,20,72
BL493,2006,8,20,102
BL494,2006,8,20,68
BL495,2006,8,20,70
BL496,2006,8,20,72
BL497,2006,8,20,89
BL498,2006,8,20,73
BL499,2006,8,20,77
BL500,2006,8,20,86
BL501,2006,8,20,67
BL502,2006,8,20,66
BL503,2006,8,20,65
BL504,2006,8,20,76
BL505,2006,8,20,59
BL506,2006,8,21,77
BL507,2006,8,21,65
BL508,2006,8,21,66
BL509,2006,8,21,64
BL510,2006,8,21,73
BL511,2006,8,21,65
BL512,2006,8,21,59
BL513,2006,8,21,61
BL514,2006,8,21,60
BL515,2006,8,21,58
BL516,2006,8,21,61
BL517,2006,8,21,66
BL518,2006,8,21,66
BL519,2006,8,21,64
BL520,2006,8,21,64
BL521,2006,8,21,73
BL522,2006,8,21,73
BL523,2006,8,21,57
BL524,2006,8,21,59
BL525,2006,8,21,62
BL526,2006,8,21,54
BL527,2006,8,21,68
BL528,2006,8,21,58
BL529,2006,8,21,62
BL530,2006,8,21,60
BL531,2006,8,21,66
BL532,2006,8,21,76
BL533,2006,8,21,58
BL534,2006,8,21,60
BL535,2006,8,21,68
BL707,2007,8,23,68
BL708,2007,8,23,63
BL709,2007,8,23,64
BL710,2007,8,23,56
BL711,2007,8,23,65
BL712,2007,8,23,66
BL713,2007,8,23,58
BL714,2007,8,23,56
BL715,2007,8,23,62
BL716,2007,8,23,48
BL717,2007,8,23,50
BL718,2007,8,23,58
BL719,2007,8,23,57
BL720,2007,8,23,50
BL721,2007,8,23,59
BL722,2007,8,23,52
BL723,2007,8,23,55
BL724,2007,8,23,48
BL725,2007,8,23,45
BL726,2007,8,23,49
BL727,2007,8,23,58
BL728,2007,8,23,65
BL729,2007,8,23,50
BL730,2007,8,23,58
BL731,2007,8,23,49
BL732,2007,8,23,50
BL733,2007,8,23,53
BL734,2007,8,23,49
BL735,2007,8,23,53
BL736,2007,8,23,42
BL737,2007,8,23,55
BL738,2007,8,23,52
BL739,2007,8,23,48
BL740,2007,8,23,46
BL741,2007,8,23,46
BL742,2007,8,23,49
BL743,2007,8,23,52
BL744,2007,8,23,45
BL745,2007,7,21,49
BL746,2007,7,21,46
BL747,2007,7,21,48
BL748,2007,7,21,44
BL749,2007,7,21,45
BL750,2007,7,21,47
BL751,2007,7,21,40
BL752,2007,7,21,48
BL753,2007,7,21,43
BL754,2007,7,21,45
BL755,2007,7,21,45
BL756,2007,7,21,43
BL757,2007,7,21,46
BL758,2007,7,21,44
BL759,2007,7,21,42
BL760,2007,7,21,41
BL761,2007,7,21,44
BL762,2007,7,21,41
BL763,2007,7,21,40
BL764,2007,7,21,40
BL765,2007,7,21,41
BL766,2007,7,21,47
BL767,2007,7,21,40
BL768,2007,7,21,45
BL769,2007,7,21,45
BL770,2007,7,21,42
BL771,2007,7,21,48
BL772,2007,7,21,44
BL773,2007,7,21,44
BL774,2007,7,21,41
BL775,2007,7,21,43
BL2410,2008,8,27,87
BL2411,2008,8,27,79
BL2412,2008,8,27,87
BL2413,2008,8,27,77
BL536,2008,8,26,78
BL537,2008,8,26,88
BL538,2008,8,26,85
BL539,2008,8,26,70
BL540,2008,8,26,90
BL541,2008,8,26,82
BL542,2008,8,26,85
BL543,2008,8,26,81
BL544,2008,8,26,71
BL545,2008,8,26,80
BL546,2008,8,26,81
BL547,2008,8,26,59
BL548,2008,8,26,62
BL549,2008,8,26,72
BL550,2008,8,23,60
BL551,2008,8,23,65
BL552,2008,8,23,61
BL553,2008,8,23,54
BL554,2008,8,23,67
BL555,2008,8,23,60
BL556,2008,8,23,61
BL557,2008,8,23,56
BL558,2008,8,23,57
BL559,2008,8,23,61
BL560,2008,8,23,45
BL561,2008,8,23,52
BL562,2008,8,23,65
BL563,2008,8,23,57
BL564,2008,8,23,59
BL565,2008,8,23,62
BL566,2008,8,23,63
BL567,2008,8,23,53
BL568,2008,8,23,55
BL569,2008,8,23,54
BL570,2008,8,23,59
BL571,2008,8,23,65
BL572,2008,8,23,65
BL573,2008,8,23,63
BL574,2008,8,23,60
BL575,2008,8,23,60
BL576,2008,8,23,51
BL577,2008,8,23,54
BL578,2008,8,23,54
BL579,2008,8,23,61
BL580,2008,8,23,61
BL581,2008,8,23,58
BL582,2008,8,23,51
BL583,2008,8,23,62
BL584,2008,8,23,52
BL585,2008,8,23,48
BL586,2008,8,23,45
BL587,2008,8,23,54
BL588,2008,8,23,50
BL589,2008,8,27,82
BL590,2008,8,27,85
BL591,2008,8,27,70
BL592,2008,8,27,77
BL593,2008,8,27,71
BL594,2008,8,27,76
BL595,2008,8,27,78
BL596,2008,8,27,86
BL597,2008,8,27,78
BL598,2008,8,27,73
BL599,2008,8,27,76
BL600,2008,8,27,68
BL601,2008,8,27,72
BL602,2008,8,27,76
BL603,2008,8,27,84
BL604,2008,8,27,70
BL605,2008,8,27,77
BL606,2008,8,27,78
BL607,2008,8,27,77
BL608,2008,8,27,80
BL609,2008,8,27,70
BL610,2008,8,27,83
BL611,2008,8,27,73
BL612,2008,8,27,70
BL613,2008,8,27,75
BL614,2008,8,27,72
BL615,2008,8,27,79
BL616,2008,8,27,75
BL617,2008,8,27,67
BL618,2008,8,27,73
BL619,2008,8,27,77
BL620,2008,8,27,65
BL621,2008,8,27,68
BL622,2008,8,27,69
BL623,2008,8,27,66
BL624,2008,8,27,51
BL625,2008,8,27,74
BL626,2008,8,28,95
BL627,2008,8,28,81
BL628,2008,8,28,73
BL629,2008,8,28,69
BL630,2008,8,28,71
BL631,2008,8,28,69
BL632,2008,8,27,88
BL633,2008,8,27,94
BL634,2008,8,27,72
BL635,2008,8,27,86
BL636,2008,8,27,77
BL637,2008,8,27,78
BL638,2008,8,27,83
BL639,2008,8,27,66
BL640,2008,8,27,76
BL641,2008,8,27,69
BL642,2008,8,27,79
BL643,2008,8,27,71
BL644,2008,8,27,85
BL645,2008,8,27,73
BL646,2008,8,27,75
BL647,2008,8,27,71
BL648,2008,8,27,77
BL649,2008,8,27,80
BL650,2008,8,27,63
BL651,2008,8,27,64
BL652,2008,8,27,54
BL653,2008,8,27,85
BL654,2008,8,27,83
BL655,2008,8,27,77
BL656,2008,8,27,64
BL657,2008,8,27,65
BL658,2008,8,26,81
BL659,2008,8,26,79
BL660,2008,8,26,75
BL661,2008,8,26,76
BL662,2008,8,26,76
BL663,2008,8,26,70
BL664,2008,8,23,66
BL665,2008,8,23,71
BL666,2008,8,23,68
BL667,2008,8,23,68
BL668,2008,8,23,73
BL669,2008,8,23,63
BL670,2008,8,23,70
BL671,2008,8,23,67
BL672,2008,8,23,61
BL673,2008,8,23,65
BL674,2008,8,23,58
BL675,2008,8,23,58
BL676,2008,8,23,58
BL677,2008,8,23,59
BL678,2008,8,23,54
BL679,2008,8,23,71
BL680,2008,8,23,60
BL681,2008,8,23,55
BL682,2008,8,23,60
BL683,2008,8,23,71
BL684,2008,8,23,57
BL685,2008,8,23,57
BL686,2008,8,23,66
BL687,2008,8,23,68
BL688,2008,8,23,52
BL689,2008,8,23,61
BL690,2008,8,23,51
BL691,2008,8,23,63
BL692,2008,8,23,53
BL693,2008,8,23,54
BL694,2008,8,23,46
BL695,2008,8,23,60
BL696,2008,8,23,56
BL697,2008,8,23,63
BL698,2008,8,23,60
BL699,2008,8,23,46
BL700,2008,8,23,53
BL701,2008,8,23,54
BL702,2008,8,23,41
BL703,2008,8,26,76
BL704,2008,8,26,66
BL705,2008,8,26,71
BL706,2008,8,23,75
BL1,2009,8,30,77
BL10,2009,8,30,48
BL100,2009,8,29,70
BL101,2009,8,29,69
BL102,2009,8,29,68
BL103,2009,8,29,61
BL104,2009,8,29,76
BL105,2009,8,29,64
BL106,2009,8,29,72
BL107,2009,8,29,62
BL108,2009,8,29,78
BL109,2009,8,29,61
BL11,2009,8,30,54
BL110,2009,8,29,63
BL111,2009,8,29,69
BL112,2009,8,29,63
BL113,2009,8,29,59
BL114,2009,8,29,64
BL115,2009,8,29,69
BL116,2009,8,29,66
BL117,2009,8,29,70
BL118,2009,8,29,65
BL119,2009,8,29,69
BL12,2009,8,26,76
BL120,2009,8,29,70
BL121,2009,8,29,59
BL122,2009,8,29,69
BL123,2009,8,29,79
BL124,2009,8,29,61
BL125,2009,8,29,63
BL126,2009,8,23,76
BL127,2009,8,23,72
BL128,2009,8,23,56
BL129,2009,8,23,73
BL13,2009,8,26,78
BL130,2009,8,23,73
BL131,2009,8,23,77
BL132,2009,8,23,63
BL133,2009,8,23,60
BL134,2009,8,23,68
BL135,2009,8,23,76
BL136,2009,8,23,72
Bl137,2009,8,23,68
BL138,2009,8,23,52
BL139,2009,8,23,56
BL14,2009,8,26,82
BL140,2009,8,23,62
BL141,2009,8,23,77
BL142,2009,8,23,62
BL143,2009,8,23,77
BL144,2009,8,23,78
BL145,2009,8,23,74
BL146,2009,8,23,81
BL147,2009,8,23,80
BL148,2009,9,4,83
BL149,2009,9,4,92
BL15,2009,8,26,68
BL150,2009,9,4,93
BL151,2009,9,4,90
BL152,2009,9,4,81
BL153,2009,9,4,87
BL154,2009,9,4,78
BL155,2009,9,4,61
BL156,2009,9,4,79
BL157,2009,9,4,92
BL158,2009,9,4,96
BL159,2009,9,4,93
BL16,2009,8,26,66
BL160,2009,9,4,88
BL161,2009,9,4,83
BL162,2009,9,4,85
BL163,2009,9,4,78
BL164,2009,9,4,82
BL165,2009,9,4,80
BL166,2009,9,4,75
BL167,2009,9,4,87
BL168,2009,9,4,74
BL169,2009,9,4,79
BL17,2009,8,26,78
BL170,2009,9,4,87
BL171,2009,9,4,72
BL172,2009,9,4,83
BL173,2009,9,4,81
BL174,2009,9,4,62
BL175,2009,9,4,78
BL176,2009,9,4,92
BL177,2009,9,4,71
BL178,2009,9,4,85
BL179,2009,9,4,80
BL18,2009,8,26,72
BL180,2009,9,4,77
BL181,2009,9,4,87
BL182,2009,9,4,87
BL183,2009,9,4,75
BL184,2009,9,4,81
BL185,2009,9,4,90
BL186,2009,9,4,88
BL187,2009,9,4,77
BL188,2009,8,24,72
BL189,2009,8,24,59
BL19,2009,8,26,71
BL190,2009,8,24,70
BL191,2009,8,24,68
BL192,2009,8,24,59
BL193,2009,8,24,67
BL194,2009,8,24,77
BL195,2009,8,24,59
BL196,2009,8,24,82
BL197,2009,8,24,74
BL198,2009,8,24,60
BL199,2009,8,24,55
BL2,2009,8,30,80
BL20,2009,8,26,70
BL200,2009,8,24,69
BL201,2009,8,24,49
BL202,2009,8,24,47
BL203,2009,8,24,45
BL204,2009,8,25,65
BL205,2009,8,23,40
BL206,2009,8,23,48
BL207,2009,8,23,46
BL208,2009,7,19,29
BL209,2009,7,19,39
BL21,2009,8,26,70
BL210,2009,7,19,43
BL211,2009,7,19,32
BL212,2009,7,19,35
BL213,2009,7,19,40
BL214,2009,7,19,44
BL215,2009,7,19,41
BL216,2009,7,19,40
BL217,2009,7,19,35
BL218,2009,7,20,39
BL219,2009,7,20,44
BL22,2009,8,26,66
BL220,2009,7,20,33
BL221,2009,7,20,33
BL222,2009,7,20,36
BL223,2009,7,17,39
BL224,2009,7,17,39
BL225,2009,7,17,32
BL226,2009,7,17,35
BL227,2009,7,17,39
BL228,2009,7,17,37
BL229,2009,7,17,35
BL23,2009,8,26,75
BL230,2009,7,17,32
BL231,2009,7,17,30
BL232,2009,7,17,36
BL233,2009,7,17,34
BL234,2009,7,17,43
BL235,2009,7,17,39
BL236,2009,7,14,34
BL237,2009,7,14,33
BL238,2009,7,14,31
BL239,2009,7,14,40
BL24,2009,8,26,63
BL240,2009,7,14,47
BL241,2009,7,14,41
BL242,2009,7,14,41
BL243,2009,7,14,40
BL244,2009,7,14,42
BL245,2009,7,14,40
BL246,2009,7,14,44
BL247,2009,7,14,39
BL248,2009,7,14,39
BL249,2009,7,14,36
BL25,2009,8,26,66
BL250,2009,7,14,36
BL26,2009,8,26,57
BL27,2009,8,26,67
BL28,2009,8,26,71
BL29,2009,8,26,74
BL3,2009,8,30,58
BL30,2009,8,26,65
BL31,2009,8,26,72
BL32,2009,8,26,68
BL33,2009,8,26,69
BL34,2009,8,26,78
BL35,2009,8,26,71
BL36,2009,8,26,70
BL37,2009,8,26,79
BL38,2009,8,26,67
BL39,2009,8,26,61
BL4,2009,8,30,64
BL40,2009,8,26,70
BL41,2009,8,26,74
BL42,2009,NA,NA,53
BL43,2009,9,13,60
BL44,2009,9,13,72
BL45,2009,9,13,67
BL46,2009,9,13,58
BL47,2009,9,13,64
BL48,2009,9,13,58
BL49,2009,8,31,52
BL5,2009,8,30,52
BL50,2009,8,31,58
BL51,2009,8,31,52
BL52,2009,8,31,73
BL53,2009,8,31,80
BL54,2009,7,6,43
BL55,2009,7,6,42
BL56,2009,7,6,40
BL57,2009,7,6,45
BL58,2009,7,6,43
BL59,2009,7,6,42
BL6,2009,8,30,57
BL60,2009,7,6,43
BL61,2009,7,6,37
BL62,2009,7,27,42
BL63,2009,7,6,40
BL64,2009,7,6,40
BL65,2009,7,6,45
BL66,2009,7,6,39
BL67,2009,7,6,42
BL68,2009,7,6,41
BL69,2009,7,6,33
BL7,2009,8,30,57
BL70,2009,7,6,41
BL71,2009,7,6,41
BL72,2009,7,6,39
BL73,2009,7,6,40
BL74,2009,7,6,32
BL75,2009,7,6,45
BL76,2009,7,6,39
BL77,2009,7,21,41
BL78,2009,7,6,76
BL79,2009,8,29,65
BL8,2009,8,30,86
BL80,2009,8,29,65
BL81,2009,8,29,63
BL82,2009,8,29,63
BL83,2009,8,29,61
BL84,2009,8,29,75
BL85,2009,8,29,61
BL86,2009,8,29,62
BL87,2009,8,29,71
BL88,2009,8,29,59
BL89,2009,8,29,63
BL9,2009,8,30,52
BL90,2009,8,29,67
BL91,2009,8,29,62
BL92,2009,8,29,60
BL93,2009,8,29,62
BL94,2009,8,29,69
BL95,2009,8,29,49
BL96,2009,8,29,75
BL97,2009,8,29,61
BL98,2009,8,29,63
BL99,2009,8,29,68
BL776,2010,7,20,52
BL777,2010,7,20,52
BL778,2010,7,20,53
BL779,2010,7,20,50
BL780,2010,7,20,50
BL781,2010,7,20,48
BL782,2010,7,20,49
BL783,2010,7,20,48
BL784,2010,7,20,46
BL785,2010,7,20,50
BL786,2010,7,20,48
BL787,2010,7,20,50
BL788,2010,7,20,46
BL789,2010,7,20,40
BL790,2010,7,20,43
BL791,2010,7,20,52
BL792,2010,7,20,45
BL793,2010,7,20,48
BL794,2010,7,20,48
BL795,2010,7,20,46
BL796,2010,7,20,47
BL797,2010,7,20,45
BL798,2010,7,20,45
BL799,2010,7,20,44
BL800,2010,7,20,58
BL801,2010,7,20,48
BL802,2010,7,20,45
BL803,2010,7,20,42
BL804,2010,7,20,40
BL805,2010,7,20,43
BL806,2010,7,20,38
BL807,2010,7,20,47
BL808,2010,7,20,42
BL809,2010,7,20,48
BL810,2010,7,20,50
BL811,2010,7,20,48
BL812,2010,7,20,48
BL813,2010,7,20,48
BL814,2010,7,20,53
BL815,2010,7,20,43
BL816,2010,7,20,54
BL817,2010,7,20,50
BL818,2010,7,21,44
BL819,2010,7,22,50
BL820,2010,7,15,50
BL821,2010,7,15,32
BL822,2010,7,15,38
BL823,2010,7,15,30
BL824,2010,7,15,30
BL825,2010,7,15,33
BL826,2010,7,15,34
BL827,2010,7,15,37
BL828,2010,7,15,42
BL829,2010,7,15,41
BL830,2010,7,20,52
BL831,2010,7,20,48
BL832,2010,7,20,48
BL833,2010,7,20,47
BL834,2010,7,20,54
BL835,2010,7,20,48
BL836,2010,7,20,46
BL837,2010,7,20,46
BL838,2010,7,20,48
BL839,2010,7,20,45
BL840,2010,7,20,45
BL841,2010,7,20,52
BL842,2010,7,20,49
BL843,2010,7,20,45
BL844,2010,7,20,44
BL845,2010,7,20,44
BL846,2010,7,20,44
BL847,2010,7,20,43
BL848,2010,7,20,44
BL849,2010,7,20,45
BL850,2010,7,20,40
BL851,2010,7,20,41
BL852,2010,7,20,42
BL853,2010,7,20,41
BL854,2010,7,20,41
BL855,2010,7,20,36
BL856,2010,7,20,43
BL857,2010,7,20,43
BL858,2010,7,20,41
BL859,2010,7,20,40
BL860,2010,7,20,41
BL861,2010,7,20,38
BL862,2010,7,20,32
BL863,2010,7,20,32
BL864,2010,7,20,49
BL865,2010,7,20,55
BL866,2010,7,20,44
BL867,2010,7,20,40
BL868,2010,7,20,43
BL869,2010,7,20,44
BL870,2010,7,20,42
BL871,2010,7,20,46
BL872,2010,7,20,46
BL873,2010,7,20,47
BL874,2010,7,20,49
BL875,2010,7,20,50
BL876,2010,7,20,52
BL877,2010,7,20,50
BL878,2010,7,20,50
BL879,2010,7,20,50
BL880,2010,8,23,64
BL881,2010,8,23,77
BL882,2010,8,23,57
BL883,2010,8,23,75
BL884,2010,8,23,59
BL885,2010,8,23,65
BL886,2010,8,23,61
BL887,2010,8,23,70
BL888,2010,8,23,74
BL889,2010,8,23,76
BL890,2010,8,23,79
BL891,2010,8,23,89
BL1000,2012,7,13,40.7
BL1001,2012,7,13,48.7
BL1002,2012,7,13,37.9
BL1003,2012,7,13,41.6
BL1004,2012,7,13,38.8
BL1005,2012,7,13,34.5
BL1006,2012,7,13,45.2
BL1007,2012,7,13,37.2
BL1008,2012,7,13,35.4
BL1009,2012,7,13,38.9
BL1010,2012,7,13,41.9
BL1011,2012,7,13,43.4
BL1012,2012,7,13,36
BL1013,2012,7,13,36.1
BL901,2012,8,23,60
BL902,2012,8,23,64.8
BL903,2012,8,23,65.8
BL904,2012,8,23,64.9
BL905,2012,8,24,68.4
BL906,2012,8,24,60.9
BL907,2012,8,24,56.8
BL908,2012,8,24,58.6
BL909,2012,8,24,67.2
BL910,2012,8,24,72.1
BL911,2012,8,24,64.9
BL912,2012,8,24,57.2
BL913,2012,8,24,51.6
BL914,2012,8,24,57.3
BL915,2012,8,24,59.3
BL916,2012,8,24,65.3
BL917,2012,8,24,61.1
BL918,2012,8,24,69.6
BL919,2012,8,24,62.6
BL920,2012,8,24,51.5
BL921,2012,8,24,55.5
BL922,2012,8,24,65.4
BL923,2012,8,24,73.8
BL924,2012,8,24,63.9
BL925,2012,8,24,61.4
BL926,2012,8,24,69.6
BL927,2012,8,24,63.3
BL928,2012,8,24,60.1
BL929,2012,8,24,69.5
BL930,2012,8,24,65.7
BL931,2012,8,24,65.8
BL932,2012,8,24,55.1
BL933,2012,8,24,66.4
BL934,2012,8,24,84.9
BL935,2012,8,24,82.3
BL936,2012,8,24,80.4
BL937,2012,8,24,58.4
BL938,2012,8,24,62.8
BL939,2012,8,24,66
BL940,2012,8,24,73
BL941,2012,8,24,64.3
BL942,2012,8,24,56.8
BL943,2012,8,24,71.9
BL944,2012,8,24,63.7
BL945,2012,8,24,75.8
BL946,2012,8,24,69
BL947,2012,8,24,82.6
BL948,2012,8,24,62
BL949,2012,8,24,66.5
BL950,2012,8,24,62.4
BL951,2012,8,24,76.8
BL952,2012,8,24,66.5
BL953,2012,8,24,63.2
BL954,2012,8,24,67.5
BL955,2012,8,24,58.8
BL956,2012,8,24,62.9
BL957,2012,8,24,65.7
BL958,2012,7,14,45.9
BL959,2012,7,14,38.4
BL960,2012,7,14,38.7
BL961,2012,8,23,73.3
BL962,2012,8,23,63.2
BL963,2012,8,23,76.7
BL964,2012,8,23,61.9
BL965,2012,8,23,55.1
BL966,2012,8,23,58.6
BL967,2012,8,23,63.8
BL968,2012,8,23,67.2
BL969,2012,8,23,65.6
BL970,2012,8,23,69.1
BL971,2012,7,14,37
BL972,2012,7,14,44
BL973,2012,7,14,39.9
BL974,2012,7,14,43.7
BL975,2012,7,14,33.8
BL976,2012,7,14,39.2
BL977,2012,7,14,38
BL978,2012,7,14,52.9
BL979,2012,7,14,45.7
BL980,2012,7,14,54.9
BL981,2012,7,14,33.7
BL982,2012,7,14,33.4
BL983,2012,7,14,42.5
BL984,2012,7,13,39.6
BL985,2012,7,13,38.1
BL986,2012,7,13,39.8
BL987,2012,7,13,39.1
BL988,2012,7,13,40.9
BL989,2012,7,13,38.6
BL990,2012,7,13,36.5
BL991,2012,7,13,41.8
BL992,2012,7,13,40.3
BL993,2012,7,13,41.6
BL994,2012,7,13,35.2
BL995,2012,7,13,40.6
BL996,2012,7,13,39.4
BL997,2012,7,13,43.3
BL998,2012,7,13,33.5
BL999,2012,7,13,35.1
BL2046,2013,7,23,42
BL2047,2013,7,23,43
BL2048,2013,7,23,46
BL2049,2013,7,23,41
BL2050,2013,7,23,50
BL2051,2013,7,23,48
BL2052,2013,7,23,44
BL2053,2013,7,23,50
BL2054,2013,7,23,48
BL2055,2013,7,23,46
BL2056,2013,7,25,41
BL2057,2013,7,25,51
BL2058,2013,7,25,54
BL2059,2013,7,25,51
BL2060,2013,7,25,51
BL2061,2013,7,25,48
BL2062,2013,7,25,48
BL2063,2013,7,25,54
BL2064,2013,7,25,48
BL2065,2013,7,25,46
BL2066,2013,7,24,49
BL2067,2013,7,25,50
BL2068,2013,7,25,61
BL2069,2013,7,25,48
BL2070,2013,7,25,49
BL2071,2013,7,25,47
BL2072,2013,7,25,53
BL2073,2013,7,25,56
BL2074,2013,7,25,51
BL2075,2013,7,25,50
BL2076,2013,7,24,44
BL2077,2013,7,24,50
BL2078,2013,7,24,44
BL2079,2013,7,24,55
BL2080,2013,7,24,66
BL2081,2013,7,24,52
BL2082,2013,7,24,50
BL2083,2013,7,24,53
BL2084,2013,7,24,54
BL2085,2013,7,24,45
BL2086,2013,7,24,48
BL2087,2013,8,28,80
BL2088,2013,8,28,92
BL2089,2013,8,28,67
BL2090,2013,8,28,64
BL2091,2013,8,28,77
BL2092,2013,8,28,55
BL2093,2013,8,28,69
BL2094,2013,8,28,67
BL2095,2013,8,28,68
BL2096,2013,8,28,65
BL2097,2013,8,27,78
BL2098,2013,8,27,74
BL2099,2013,8,27,74
BL2100,2013,8,27,76
BL2101,2013,8,27,78
BL2102,2013,8,27,73
BL2103,2013,8,27,71
BL2104,2013,8,27,73
BL2105,2013,8,27,62
BL2106,2013,8,30,82
BL2107,2013,8,30,87
BL2108,2013,8,30,74
BL2109,2013,8,30,80
BL2110,2013,8,30,88
BL2111,2013,8,30,85
BL2112,2013,8,30,60
BL2113,2013,8,30,66
BL2114,2013,8,30,88
BL2115,2013,8,30,79
BL2116,2013,8,30,103
BL2117,2013,8,30,63
BL2118,2013,8,30,70
BL2119,2013,8,30,92
BL2120,2013,8,30,76
BL2121,2013,8,30,78
BL2122,2013,8,30,87
BL2123,2013,8,30,78
BL2124,2013,8,30,83
BL2125,2013,8,30,93
BL2130,2014,7,19,57
BL2131,2014,7,19,45
BL2132,2014,7,16,60
BL2133,2014,7,16,60
BL2134,2014,7,16,56
BL2135,2014,7,16,37
BL2136,2014,7,16,78
BL2137,2014,7,16,43
BL2138,2014,7,16,55
BL2139,2014,7,16,53
BL2140,2014,7,16,55
BL2141,2014,7,16,56
BL2142,2014,7,16,45
BL2143,2014,7,16,46
BL2144,2014,7,16,60
BL2145,2014,7,16,55
BL2146,2014,7,16,50
BL2147,2014,7,16,55
BL2148,2014,7,16,55
BL2149,2014,7,16,50
BL2150,2014,7,16,48
BL2151,2014,7,16,42
BL2152,2014,7,16,48
BL2153,2014,7,16,55
BL2154,2014,7,16,52
BL2155,2014,7,14,35
BL2156,2014,7,14,48
BL2157,2014,7,14,58
BL2158,2014,7,14,61
BL2159,2014,7,16,58
BL2160,2014,7,16,45
BL2161,2014,7,16,45
BL2162,2014,7,16,50
BL2163,2014,7,16,47
BL2164,2014,7,16,53
BL2165,2014,7,16,50
BL2166,2014,7,16,48
BL2167,2014,7,16,39
BL2168,2014,7,16,40
BL2229,2014,8,10,96
BL2230,2014,8,10,112
BL2231,2014,8,10,101
BL2126,2015,7,12,45
BL2127,2015,7,12,46
BL2128,2015,7,16,50
BL2129,2015,7,12,41
BL2200,2015,8,15,99
BL2201,2015,8,15,101
BL2202,2015,8,15,79
BL2203,2015,8,15,85
BL2204,2015,8,15,90
BL2205,2015,8,15,93
BL2206,2015,8,15,106
BL2207,2015,8,15,90
BL2208,2015,8,15,80
BL2209,2015,8,15,98
BL2215,2015,8,26,86
BL2216,2015,8,26,98
BL2217,2015,8,26,91
BL2218,2015,8,26,93
BL2219,2015,8,26,90
BL2220,2015,8,26,99
BL2221,2015,8,26,105
BL2222,2015,8,26,95
BL2223,2015,8,26,102
BL2224,2015,8,26,95
BL2225,2015,8,26,103
BL2226,2015,8,26,95
BL2227,2015,8,26,85
BL2228,2015,8,26,95
BL2307,2015,7,14,48
BL2308,2015,7,14,53
BL2309,2015,7,14,47
BL2310,2015,7,15,53
BL2311,2015,7,15,46
BL2232,2016,7,15,70
BL2233,2016,7,15,72
BL2234,2016,7,15,64
BL2235,2016,7,15,60
BL2236,2016,7,15,70
BL2237,2016,7,15,58
BL2238,2016,7,15,62
BL2239,2016,7,15,68
BL2240,2016,7,15,63
BL2241,2016,7,15,68
BL2242,2016,7,15,52
BL2243,2016,7,15,70
BL2244,2016,7,15,65
BL2245,2016,7,15,71
BL2246,2016,7,15,80
BL2247,2016,7,15,72
BL2248,2016,7,15,73
BL2249,2016,7,15,63
BL2250,2016,7,15,62
BL2251,2016,7,15,57
BL2252,2016,7,15,75
BL2253,2016,7,15,64
BL2254,2016,7,15,63
BL2255,2016,7,15,70
BL2297,2016,7,13,69
BL2298,2016,7,13,62
BL2299,2016,7,13,65
BL2300,2016,7,13,57
BL2301,2016,7,13,52
BL2302,2016,7,13,57
BL2303,2016,7,13,58
BL2304,2016,7,13,54
BL2305,2016,7,13,54
BL2306,2016,7,13,50
BL2333,2016,7,17,64
BL2334,2016,7,17,60
BL2335,2016,7,17,68
BL2336,2016,7,17,60
BL2337,2016,7,17,62
BL2338,2016,7,17,61
BL2339,2016,7,17,62
BL2340,2016,7,17,68
BL2341,2016,7,17,70
BL2342,2016,7,17,60
BL2343,2016,7,17,56
BL2344,2016,7,17,62
BL2345,2016,7,15,57
BL2346,2016,7,15,65
BL2347,2016,7,15,67
BL2256,2017,8,18,92
BL2257,2017,8,18,76
BL2258,2017,8,18,75
BL2259,2017,8,18,79
BL2260,2017,8,18,80
BL2261,2017,8,19,83
BL2262,2017,8,19,87
BL2263,2017,8,19,76
BL2264,2017,8,19,77
BL2265,2017,8,19,76
BL2266,2017,8,22,82
BL2267,2017,8,22,74
BL2268,2017,8,22,78
BL2269,2017,8,22,90
BL2270,2017,8,22,82
BL2271,2017,8,22,55
BL2272,2017,8,19,91
BL2273,2017,8,19,80
BL2274,2017,8,19,88
BL2275,2017,8,19,100
BL2276,2017,8,22,75
BL2277,2017,8,22,96
BL2278,2017,8,22,84
BL2279,2017,8,22,92
BL2280,2017,8,22,77
BL2281,2017,8,22,96
BL2282,2017,8,23,53
BL2283,2017,8,23,52
BL2284,2017,8,23,83
BL2285,2017,8,23,76
BL2286,2017,7,15,70
BL2287,2017,7,15,54
BL2288,2017,7,15,67
BL2289,2017,7,15,70
BL2290,2017,7,15,71
BL2291,2017,7,15,64
BL2292,2017,7,15,61
BL2293,2017,7,15,58
BL2294,2017,7,15,58
BL2295,2017,7,15,58
BL2296,2017,7,15,57
BL2312,2017,7,15,57
BL2313,2017,7,15,57
BL2314,2017,7,15,55
BL2315,2017,7,15,63
BL2316,2017,7,15,60
BL2317,2017,7,15,85
BL2318,2017,7,15,87
BL2319,2017,7,15,60
BL2320,2017,7,15,64
BL2321,2017,7,15,59
BL2322,2017,7,15,65
BL2323,2017,7,15,65
BL2324,2017,7,15,40
BL2325,2017,7,15,35
BL2326,2017,7,15,64
BL2327,2017,7,15,64
BL2328,2017,7,15,38
BL2329,2017,7,15,45
BL2330,2017,7,15,47
BL2331,2017,7,15,58
BL2332,2017,7,15,62
BL2000,2018,7,18,64
BL2001,2018,7,18,71
BL2002,2018,7,18,61
BL2003,2018,7,18,64
BL2004,2018,7,18,63
BL2005,2018,7,18,74
BL2006,2018,7,18,86
BL2007,2018,7,18,87
BL2008,2018,7,18,96
BL2009,2018,7,18,85
BL2010,2018,7,18,62
BL2011,2018,7,17,50
BL2012,2018,7,17,44
BL2013,2018,7,17,52
BL2014,2018,7,17,50
BL2015,2018,7,17,50
BL2016,2018,7,17,56
BL2017,2018,7,15,65
BL2018,2018,7,15,73
BL2019,2018,7,15,54
BL2020,2018,7,15,59
BL2021,2018,7,15,58
BL2022,2018,7,15,54
BL2023,2018,7,15,72
BL2024,2018,7,15,54
BL2025,2018,7,15,85
BL2026,2018,7,18,82
BL2027,2018,7,18,60
BL2028,2018,7,18,78
BL2029,2018,7,18,95
BL2030,2018,7,18,75
BL2031,2018,7,18,83
BL2032,2018,7,18,61
BL2033,2018,7,18,74
BL2034,2018,7,18,67
BL2035,2018,7,15,40
BL2036,2018,7,15,61
BL2037,2018,7,15,62
BL2038,2018,7,15,64
BL2039,2018,7,15,41
BL2040,2018,7,15,49
BL2041,2018,7,15,58
BL2042,2018,7,15,50
BL2043,2018,7,15,56
BL2044,2018,7,15,55
BL2045,2018,7,15,70
BL2169,2018,8,23,123
BL2170,2018,8,23,130
BL2171,2018,8,23,123
BL2172,2018,8,23,110
BL2173,2018,8,23,116
BL2174,2018,8,23,113
BL2175,2018,8,23,112
BL2176,2018,8,23,119
BL2177,2018,8,23,105
BL2178,2018,8,23,103
BL2179,2018,8,23,108
BL2180,2018,8,23,100
BL2181,2018,8,21,82
BL2182,2018,8,21,70
BL2183,2018,8,21,84
BL2184,2018,8,21,90
BL2185,2018,8,21,65
BL2186,2018,8,21,70
BL2187,2018,8,21,65
BL2188,2018,8,21,57
BL2189,2018,8,21,57
BL2190,2018,8,21,90
BL2191,2018,8,21,87
BL2192,2018,8,21,77
BL2193,2018,8,21,73
BL2194,2018,8,21,74
BL2195,2018,8,21,67
BL2196,2018,8,21,69
BL2197,2018,8,23,67
BL2198,2018,8,23,57
BL2199,2018,8,23,64
BL2210,2018,8,21,92
BL2211,2018,8,21,88
BL2212,2018,8,21,78
BL2213,2018,8,21,77
BL2214,2018,8,21,74
BL2350,2019,8,25,89
BL2351,2019,8,25,74
BL2352,2019,8,24,91
BL2353,2019,8,24,108
BL2354,2019,8,24,104
BL2355,2019,8,24,79
BL2356,2019,8,24,84
BL2357,2019,8,24,107
BL2358,2019,8,24,95
BL2359,2019,8,24,95
BL2360,2019,8,24,96
BL2361,2019,8,24,99
BL2362,2019,8,24,83
BL2363,2019,8,24,85
BL2364,2019,8,24,108
BL2365,2019,8,24,82
BL2366,2019,8,24,72
BL2367,2019,8,25,133
BL2368,2019,8,25,83
BL2369,2019,8,25,74
BL2370,2019,8,24,87
BL2371,2019,8,24,89
BL2372,2019,8,24,86
BL2373,2019,8,24,72
BL2374,2019,8,24,91
BL2375,2019,8,24,97
BL2376,2019,8,25,91
BL2377,2019,8,25,92
BL2378,2019,8,25,81
BL2379,2019,7,13,47
BL2380,2019,7,13,53
BL2381,2019,7,13,55
BL2382,2019,7,13,43
BL2383,2019,7,13,43
BL2384,2019,7,13,63
BL2385,2019,7,13,44
BL2386,2019,7,13,60
BL2387,2019,7,13,50
BL2388,2019,7,13,54
BL2389,2019,7,13,56
BL2390,2019,7,13,45
BL2391,2019,7,13,36
BL2392,2019,7,13,45
BL2393,2019,7,13,47
BL2394,2019,7,13,38
BL2395,2019,7,13,47
BL2396,2019,7,13,48
BL2397,2019,7,13,45
BL2398,2019,7,13,42
BL2399,2019,7,13,45
BL2400,2019,7,13,46
BL2401,2019,7,13,51
BL2402,2019,7,13,49
BL2403,2019,7,13,56
BL2404,2019,7,13,60
BL2405,2019,7,13,55
BL2406,2019,7,13,57
BL2407,2019,7,13,56
BL2408,2019,7,13,47
BL2409,2019,7,13,48
